RUN_ID,YEAR,MONTH,DATA_SOURCE_ID,PORTROUTE,REGION,ARRIVEDEPART,UNSAMP_TOTAL
9e5c1872-3f8e-4ae5-85dc-c67a602d011e,2017,1,6,141,3,1,0
9e5c1872-3f8e-4ae5-85dc-c67a602d011e,2017,1,6,151,4,1,4944
9e5c1872-3f8e-4ae5-85dc-c67a602d011e,2017,1,6,151,3,1,6311
9e5c1872-3f8e-4ae5-85dc-c67a602d011e,2017,1,6,151,3,1,121
9e5c1872-3f8e-4ae5-85dc-c67a602d011e,2017,1,6,151,3,1,2928
9e5c1872-3f8e-4ae5-85dc-c67a602d011e,2017,1,6,151,4,1,3815
9e5c1872-3f8e-4ae5-85dc-c67a602d011e,2017,1,6,151,4,1,0
9e5c1872-3f8e-4ae5-85dc-c67a602d011e,2017,1,6,151,1,1,695
9e5c1872-3f8e-4ae5-85dc-c67a602d011e,2017,1,6,151,1,1,0
9e5c1872-3f8e-4ae5-85dc-c67a602d011e,2017,1,6,151,1,1,249
9e5c1872-3f8e-4ae5-85dc-c67a602d011e,2017,1,6,151,1,1,1031
9e5c1872-3f8e-4ae5-85dc-c67a602d011e,2017,1,6,151,1,1,41
9e5c1872-3f8e-4ae5-85dc-c67a602d011e,2017,1,6,151,1,1,62
9e5c1872-3f8e-4ae5-85dc-c67a602d011e,2017,1,6,151,1,1,1885
9e5c1872-3f8e-4ae5-85dc-c67a602d011e,2017,1,6,151,1,1,1175
9e5c1872-3f8e-4ae5-85dc-c67a602d011e,2017,1,6,151,1,1,481
9e5c1872-3f8e-4ae5-85dc-c67a602d011e,2017,1,6,151,1,1,59
9e5c1872-3f8e-4ae5-85dc-c67a602d011e,2017,1,6,151,1,1,336
9e5c1872-3f8e-4ae5-85dc-c67a602d011e,2017,1,6,151,9,1,619
9e5c1872-3f8e-4ae5-85dc-c67a602d011e,2017,1,6,151,1,1,80
9e5c1872-3f8e-4ae5-85dc-c67a602d011e,2017,1,6,151,1,1,1000
9e5c1872-3f8e-4ae5-85dc-c67a602d011e,2017,1,6,151,1,1,226
9e5c1872-3f8e-4ae5-85dc-c67a602d011e,2017,1,6,151,1,1,379
9e5c1872-3f8e-4ae5-85dc-c67a602d011e,2017,1,6,151,1,1,2228
9e5c1872-3f8e-4ae5-85dc-c67a602d011e,2017,1,6,151,8,1,141
9e5c1872-3f8e-4ae5-85dc-c67a602d011e,2017,1,6,151,10,1,0
9e5c1872-3f8e-4ae5-85dc-c67a602d011e,2017,1,6,151,10,1,3353
9e5c1872-3f8e-4ae5-85dc-c67a602d011e,2017,1,6,151,2,1,3829
9e5c1872-3f8e-4ae5-85dc-c67a602d011e,2017,1,6,151,7,1,0
9e5c1872-3f8e-4ae5-85dc-c67a602d011e,2017,1,6,151,7,1,3146
9e5c1872-3f8e-4ae5-85dc-c67a602d011e,2017,1,6,151,3,1,173
9e5c1872-3f8e-4ae5-85dc-c67a602d011e,2017,1,6,151,6,1,13384
9e5c1872-3f8e-4ae5-85dc-c67a602d011e,2017,1,6,191,4,1,2542
9e5c1872-3f8e-4ae5-85dc-c67a602d011e,2017,1,6,191,3,1,293
9e5c1872-3f8e-4ae5-85dc-c67a602d011e,2017,1,6,191,4,1,2645
9e5c1872-3f8e-4ae5-85dc-c67a602d011e,2017,1,6,191,1,1,349
9e5c1872-3f8e-4ae5-85dc-c67a602d011e,2017,1,6,191,1,1,3485
9e5c1872-3f8e-4ae5-85dc-c67a602d011e,2017,1,6,191,1,1,272
9e5c1872-3f8e-4ae5-85dc-c67a602d011e,2017,1,6,191,1,1,282
9e5c1872-3f8e-4ae5-85dc-c67a602d011e,2017,1,6,191,1,1,409
9e5c1872-3f8e-4ae5-85dc-c67a602d011e,2017,1,6,191,1,1,883
9e5c1872-3f8e-4ae5-85dc-c67a602d011e,2017,1,6,191,1,1,275
9e5c1872-3f8e-4ae5-85dc-c67a602d011e,2017,1,6,191,1,1,2278
9e5c1872-3f8e-4ae5-85dc-c67a602d011e,2017,1,6,191,1,1,136
9e5c1872-3f8e-4ae5-85dc-c67a602d011e,2017,1,6,191,1,1,0
9e5c1872-3f8e-4ae5-85dc-c67a602d011e,2017,1,6,191,1,1,1362
9e5c1872-3f8e-4ae5-85dc-c67a602d011e,2017,1,6,191,1,1,1622
9e5c1872-3f8e-4ae5-85dc-c67a602d011e,2017,1,6,191,1,1,453
9e5c1872-3f8e-4ae5-85dc-c67a602d011e,2017,1,6,191,1,1,1321
9e5c1872-3f8e-4ae5-85dc-c67a602d011e,2017,1,6,191,1,1,171
9e5c1872-3f8e-4ae5-85dc-c67a602d011e,2017,1,6,191,1,1,290
9e5c1872-3f8e-4ae5-85dc-c67a602d011e,2017,1,6,191,1,1,182
9e5c1872-3f8e-4ae5-85dc-c67a602d011e,2017,1,6,191,1,1,4213
9e5c1872-3f8e-4ae5-85dc-c67a602d011e,2017,1,6,191,9,1,2022
9e5c1872-3f8e-4ae5-85dc-c67a602d011e,2017,1,6,191,9,1,170
9e5c1872-3f8e-4ae5-85dc-c67a602d011e,2017,1,6,191,9,1,3288
9e5c1872-3f8e-4ae5-85dc-c67a602d011e,2017,1,6,191,9,1,0
9e5c1872-3f8e-4ae5-85dc-c67a602d011e,2017,1,6,191,9,1,898
9e5c1872-3f8e-4ae5-85dc-c67a602d011e,2017,1,6,191,9,1,956
9e5c1872-3f8e-4ae5-85dc-c67a602d011e,2017,1,6,191,9,1,1191
9e5c1872-3f8e-4ae5-85dc-c67a602d011e,2017,1,6,191,9,1,5185
9e5c1872-3f8e-4ae5-85dc-c67a602d011e,2017,1,6,191,9,1,891
9e5c1872-3f8e-4ae5-85dc-c67a602d011e,2017,1,6,191,9,1,3009
9e5c1872-3f8e-4ae5-85dc-c67a602d011e,2017,1,6,191,9,1,2676
9e5c1872-3f8e-4ae5-85dc-c67a602d011e,2017,1,6,191,9,1,3357
9e5c1872-3f8e-4ae5-85dc-c67a602d011e,2017,1,6,191,9,1,5515
9e5c1872-3f8e-4ae5-85dc-c67a602d011e,2017,1,6,191,9,1,642
9e5c1872-3f8e-4ae5-85dc-c67a602d011e,2017,1,6,191,9,1,3208
9e5c1872-3f8e-4ae5-85dc-c67a602d011e,2017,1,6,191,9,1,1973
9e5c1872-3f8e-4ae5-85dc-c67a602d011e,2017,1,6,191,9,1,2353
9e5c1872-3f8e-4ae5-85dc-c67a602d011e,2017,1,6,191,9,1,743
9e5c1872-3f8e-4ae5-85dc-c67a602d011e,2017,1,6,191,4,1,2946
9e5c1872-3f8e-4ae5-85dc-c67a602d011e,2017,1,6,191,4,1,1464
9e5c1872-3f8e-4ae5-85dc-c67a602d011e,2017,1,6,191,1,1,1298
9e5c1872-3f8e-4ae5-85dc-c67a602d011e,2017,1,6,191,1,1,124
9e5c1872-3f8e-4ae5-85dc-c67a602d011e,2017,1,6,191,1,1,2852
9e5c1872-3f8e-4ae5-85dc-c67a602d011e,2017,1,6,191,1,1,1010
9e5c1872-3f8e-4ae5-85dc-c67a602d011e,2017,1,6,191,1,1,450
9e5c1872-3f8e-4ae5-85dc-c67a602d011e,2017,1,6,191,1,1,438
9e5c1872-3f8e-4ae5-85dc-c67a602d011e,2017,1,6,191,1,1,3957
9e5c1872-3f8e-4ae5-85dc-c67a602d011e,2017,1,6,191,1,1,959
9e5c1872-3f8e-4ae5-85dc-c67a602d011e,2017,1,6,191,1,1,149
9e5c1872-3f8e-4ae5-85dc-c67a602d011e,2017,1,6,191,1,1,1172
9e5c1872-3f8e-4ae5-85dc-c67a602d011e,2017,1,6,191,1,1,996
9e5c1872-3f8e-4ae5-85dc-c67a602d011e,2017,1,6,191,1,1,975
9e5c1872-3f8e-4ae5-85dc-c67a602d011e,2017,1,6,191,1,1,1990
9e5c1872-3f8e-4ae5-85dc-c67a602d011e,2017,1,6,191,8,1,1387
9e5c1872-3f8e-4ae5-85dc-c67a602d011e,2017,1,6,191,10,1,2769
9e5c1872-3f8e-4ae5-85dc-c67a602d011e,2017,1,6,191,10,1,413
9e5c1872-3f8e-4ae5-85dc-c67a602d011e,2017,1,6,191,10,1,317
9e5c1872-3f8e-4ae5-85dc-c67a602d011e,2017,1,6,191,4,1,2881
9e5c1872-3f8e-4ae5-85dc-c67a602d011e,2017,1,6,191,4,1,510
9e5c1872-3f8e-4ae5-85dc-c67a602d011e,2017,1,6,191,4,1,1731
9e5c1872-3f8e-4ae5-85dc-c67a602d011e,2017,1,6,191,4,1,486
9e5c1872-3f8e-4ae5-85dc-c67a602d011e,2017,1,6,191,7,1,1018
9e5c1872-3f8e-4ae5-85dc-c67a602d011e,2017,1,6,191,7,1,8204
9e5c1872-3f8e-4ae5-85dc-c67a602d011e,2017,1,6,191,7,1,1476
9e5c1872-3f8e-4ae5-85dc-c67a602d011e,2017,1,6,191,7,1,344
9e5c1872-3f8e-4ae5-85dc-c67a602d011e,2017,1,6,191,7,1,1387
9e5c1872-3f8e-4ae5-85dc-c67a602d011e,2017,1,6,191,7,1,0
9e5c1872-3f8e-4ae5-85dc-c67a602d011e,2017,1,6,191,3,1,220
9e5c1872-3f8e-4ae5-85dc-c67a602d011e,2017,1,6,181,4,1,2158
9e5c1872-3f8e-4ae5-85dc-c67a602d011e,2017,1,6,181,4,1,671
9e5c1872-3f8e-4ae5-85dc-c67a602d011e,2017,1,6,181,4,1,449
9e5c1872-3f8e-4ae5-85dc-c67a602d011e,2017,1,6,181,4,1,3411
9e5c1872-3f8e-4ae5-85dc-c67a602d011e,2017,1,6,181,1,1,717
9e5c1872-3f8e-4ae5-85dc-c67a602d011e,2017,1,6,181,1,1,425
9e5c1872-3f8e-4ae5-85dc-c67a602d011e,2017,1,6,181,1,1,103
9e5c1872-3f8e-4ae5-85dc-c67a602d011e,2017,1,6,181,1,1,1352
9e5c1872-3f8e-4ae5-85dc-c67a602d011e,2017,1,6,181,1,1,0
9e5c1872-3f8e-4ae5-85dc-c67a602d011e,2017,1,6,181,1,1,119
9e5c1872-3f8e-4ae5-85dc-c67a602d011e,2017,1,6,181,1,1,969
9e5c1872-3f8e-4ae5-85dc-c67a602d011e,2017,1,6,181,1,1,3622
9e5c1872-3f8e-4ae5-85dc-c67a602d011e,2017,1,6,181,1,1,1895
9e5c1872-3f8e-4ae5-85dc-c67a602d011e,2017,1,6,181,1,1,1671
9e5c1872-3f8e-4ae5-85dc-c67a602d011e,2017,1,6,181,1,1,905
9e5c1872-3f8e-4ae5-85dc-c67a602d011e,2017,1,6,181,1,1,572
9e5c1872-3f8e-4ae5-85dc-c67a602d011e,2017,1,6,181,1,1,1296
9e5c1872-3f8e-4ae5-85dc-c67a602d011e,2017,1,6,181,1,1,1279
9e5c1872-3f8e-4ae5-85dc-c67a602d011e,2017,1,6,181,1,1,81
9e5c1872-3f8e-4ae5-85dc-c67a602d011e,2017,1,6,181,1,1,170
9e5c1872-3f8e-4ae5-85dc-c67a602d011e,2017,1,6,181,1,1,306
9e5c1872-3f8e-4ae5-85dc-c67a602d011e,2017,1,6,181,1,1,89
9e5c1872-3f8e-4ae5-85dc-c67a602d011e,2017,1,6,181,1,1,3091
9e5c1872-3f8e-4ae5-85dc-c67a602d011e,2017,1,6,181,1,1,68
9e5c1872-3f8e-4ae5-85dc-c67a602d011e,2017,1,6,181,1,1,833
9e5c1872-3f8e-4ae5-85dc-c67a602d011e,2017,1,6,181,9,1,1007
9e5c1872-3f8e-4ae5-85dc-c67a602d011e,2017,1,6,181,9,1,132
9e5c1872-3f8e-4ae5-85dc-c67a602d011e,2017,1,6,181,9,1,773
9e5c1872-3f8e-4ae5-85dc-c67a602d011e,2017,1,6,181,9,1,0
9e5c1872-3f8e-4ae5-85dc-c67a602d011e,2017,1,6,181,9,1,874
9e5c1872-3f8e-4ae5-85dc-c67a602d011e,2017,1,6,181,9,1,2103
9e5c1872-3f8e-4ae5-85dc-c67a602d011e,2017,1,6,181,9,1,474
9e5c1872-3f8e-4ae5-85dc-c67a602d011e,2017,1,6,181,9,1,2800
9e5c1872-3f8e-4ae5-85dc-c67a602d011e,2017,1,6,181,9,1,165
9e5c1872-3f8e-4ae5-85dc-c67a602d011e,2017,1,6,181,9,1,1420
9e5c1872-3f8e-4ae5-85dc-c67a602d011e,2017,1,6,181,9,1,1546
9e5c1872-3f8e-4ae5-85dc-c67a602d011e,2017,1,6,181,9,1,2270
9e5c1872-3f8e-4ae5-85dc-c67a602d011e,2017,1,6,181,9,1,2738
9e5c1872-3f8e-4ae5-85dc-c67a602d011e,2017,1,6,181,9,1,1539
9e5c1872-3f8e-4ae5-85dc-c67a602d011e,2017,1,6,181,9,1,530
9e5c1872-3f8e-4ae5-85dc-c67a602d011e,2017,1,6,181,9,1,324
9e5c1872-3f8e-4ae5-85dc-c67a602d011e,2017,1,6,181,9,1,1382
9e5c1872-3f8e-4ae5-85dc-c67a602d011e,2017,1,6,181,4,1,194
9e5c1872-3f8e-4ae5-85dc-c67a602d011e,2017,1,6,181,1,1,1171
9e5c1872-3f8e-4ae5-85dc-c67a602d011e,2017,1,6,181,1,1,3639
9e5c1872-3f8e-4ae5-85dc-c67a602d011e,2017,1,6,181,1,1,1728
9e5c1872-3f8e-4ae5-85dc-c67a602d011e,2017,1,6,181,1,1,158
9e5c1872-3f8e-4ae5-85dc-c67a602d011e,2017,1,6,181,1,1,456
9e5c1872-3f8e-4ae5-85dc-c67a602d011e,2017,1,6,181,1,1,889
9e5c1872-3f8e-4ae5-85dc-c67a602d011e,2017,1,6,181,1,1,574
9e5c1872-3f8e-4ae5-85dc-c67a602d011e,2017,1,6,181,1,1,291
9e5c1872-3f8e-4ae5-85dc-c67a602d011e,2017,1,6,181,1,1,1964
9e5c1872-3f8e-4ae5-85dc-c67a602d011e,2017,1,6,181,1,1,163
9e5c1872-3f8e-4ae5-85dc-c67a602d011e,2017,1,6,181,1,1,1426
9e5c1872-3f8e-4ae5-85dc-c67a602d011e,2017,1,6,181,1,1,429
9e5c1872-3f8e-4ae5-85dc-c67a602d011e,2017,1,6,181,1,1,465
9e5c1872-3f8e-4ae5-85dc-c67a602d011e,2017,1,6,181,1,1,788
9e5c1872-3f8e-4ae5-85dc-c67a602d011e,2017,1,6,181,8,1,1504
9e5c1872-3f8e-4ae5-85dc-c67a602d011e,2017,1,6,181,10,1,270
9e5c1872-3f8e-4ae5-85dc-c67a602d011e,2017,1,6,181,1,1,2038
9e5c1872-3f8e-4ae5-85dc-c67a602d011e,2017,1,6,181,10,1,996
9e5c1872-3f8e-4ae5-85dc-c67a602d011e,2017,1,6,181,10,1,163
9e5c1872-3f8e-4ae5-85dc-c67a602d011e,2017,1,6,181,10,1,0
9e5c1872-3f8e-4ae5-85dc-c67a602d011e,2017,1,6,181,4,1,330
9e5c1872-3f8e-4ae5-85dc-c67a602d011e,2017,1,6,181,4,1,156
9e5c1872-3f8e-4ae5-85dc-c67a602d011e,2017,1,6,181,4,1,935
9e5c1872-3f8e-4ae5-85dc-c67a602d011e,2017,1,6,181,2,1,207
9e5c1872-3f8e-4ae5-85dc-c67a602d011e,2017,1,6,181,2,1,246
9e5c1872-3f8e-4ae5-85dc-c67a602d011e,2017,1,6,181,2,1,1749
9e5c1872-3f8e-4ae5-85dc-c67a602d011e,2017,1,6,181,7,1,8389
9e5c1872-3f8e-4ae5-85dc-c67a602d011e,2017,1,6,181,7,1,290
9e5c1872-3f8e-4ae5-85dc-c67a602d011e,2017,1,6,181,7,1,0
9e5c1872-3f8e-4ae5-85dc-c67a602d011e,2017,1,6,181,9,1,396
9e5c1872-3f8e-4ae5-85dc-c67a602d011e,2017,1,6,181,6,1,4520
9e5c1872-3f8e-4ae5-85dc-c67a602d011e,2017,1,6,181,7,1,424
9e5c1872-3f8e-4ae5-85dc-c67a602d011e,2017,1,6,181,7,1,1438
9e5c1872-3f8e-4ae5-85dc-c67a602d011e,2017,1,6,181,7,1,431
9e5c1872-3f8e-4ae5-85dc-c67a602d011e,2017,1,6,201,1,1,174
9e5c1872-3f8e-4ae5-85dc-c67a602d011e,2017,1,6,201,1,1,626
9e5c1872-3f8e-4ae5-85dc-c67a602d011e,2017,1,6,201,1,1,0
9e5c1872-3f8e-4ae5-85dc-c67a602d011e,2017,1,6,201,1,1,154
9e5c1872-3f8e-4ae5-85dc-c67a602d011e,2017,1,6,201,1,1,517
9e5c1872-3f8e-4ae5-85dc-c67a602d011e,2017,1,6,201,1,1,1975
9e5c1872-3f8e-4ae5-85dc-c67a602d011e,2017,1,6,201,1,1,2991
9e5c1872-3f8e-4ae5-85dc-c67a602d011e,2017,1,6,201,1,1,3963
9e5c1872-3f8e-4ae5-85dc-c67a602d011e,2017,1,6,201,1,1,2951
9e5c1872-3f8e-4ae5-85dc-c67a602d011e,2017,1,6,201,1,1,127
9e5c1872-3f8e-4ae5-85dc-c67a602d011e,2017,1,6,201,1,1,81
9e5c1872-3f8e-4ae5-85dc-c67a602d011e,2017,1,6,201,1,1,5074
9e5c1872-3f8e-4ae5-85dc-c67a602d011e,2017,1,6,201,1,1,1698
9e5c1872-3f8e-4ae5-85dc-c67a602d011e,2017,1,6,201,1,1,4305
9e5c1872-3f8e-4ae5-85dc-c67a602d011e,2017,1,6,201,1,1,3580
9e5c1872-3f8e-4ae5-85dc-c67a602d011e,2017,1,6,201,1,1,3475
9e5c1872-3f8e-4ae5-85dc-c67a602d011e,2017,1,6,201,1,1,2767
9e5c1872-3f8e-4ae5-85dc-c67a602d011e,2017,1,6,201,1,1,287
9e5c1872-3f8e-4ae5-85dc-c67a602d011e,2017,1,6,201,1,1,4099
9e5c1872-3f8e-4ae5-85dc-c67a602d011e,2017,1,6,201,1,1,285
9e5c1872-3f8e-4ae5-85dc-c67a602d011e,2017,1,6,201,9,1,0
9e5c1872-3f8e-4ae5-85dc-c67a602d011e,2017,1,6,201,9,1,1463
9e5c1872-3f8e-4ae5-85dc-c67a602d011e,2017,1,6,201,9,1,352
9e5c1872-3f8e-4ae5-85dc-c67a602d011e,2017,1,6,201,9,1,336
9e5c1872-3f8e-4ae5-85dc-c67a602d011e,2017,1,6,201,9,1,3285
9e5c1872-3f8e-4ae5-85dc-c67a602d011e,2017,1,6,201,9,1,580
9e5c1872-3f8e-4ae5-85dc-c67a602d011e,2017,1,6,201,9,1,1896
9e5c1872-3f8e-4ae5-85dc-c67a602d011e,2017,1,6,201,9,1,665
9e5c1872-3f8e-4ae5-85dc-c67a602d011e,2017,1,6,201,9,1,154
9e5c1872-3f8e-4ae5-85dc-c67a602d011e,2017,1,6,201,9,1,2736
9e5c1872-3f8e-4ae5-85dc-c67a602d011e,2017,1,6,201,9,1,926
9e5c1872-3f8e-4ae5-85dc-c67a602d011e,2017,1,6,201,9,1,124
9e5c1872-3f8e-4ae5-85dc-c67a602d011e,2017,1,6,201,9,1,2195
9e5c1872-3f8e-4ae5-85dc-c67a602d011e,2017,1,6,201,9,1,5400
9e5c1872-3f8e-4ae5-85dc-c67a602d011e,2017,1,6,201,9,1,895
9e5c1872-3f8e-4ae5-85dc-c67a602d011e,2017,1,6,201,1,1,168
9e5c1872-3f8e-4ae5-85dc-c67a602d011e,2017,1,6,201,1,1,4837
9e5c1872-3f8e-4ae5-85dc-c67a602d011e,2017,1,6,201,1,1,303
9e5c1872-3f8e-4ae5-85dc-c67a602d011e,2017,1,6,201,1,1,3497
9e5c1872-3f8e-4ae5-85dc-c67a602d011e,2017,1,6,201,1,1,136
9e5c1872-3f8e-4ae5-85dc-c67a602d011e,2017,1,6,201,1,1,191
9e5c1872-3f8e-4ae5-85dc-c67a602d011e,2017,1,6,201,1,1,5063
9e5c1872-3f8e-4ae5-85dc-c67a602d011e,2017,1,6,201,1,1,157
9e5c1872-3f8e-4ae5-85dc-c67a602d011e,2017,1,6,201,1,1,4952
9e5c1872-3f8e-4ae5-85dc-c67a602d011e,2017,1,6,201,1,1,375
9e5c1872-3f8e-4ae5-85dc-c67a602d011e,2017,1,6,201,1,1,352
9e5c1872-3f8e-4ae5-85dc-c67a602d011e,2017,1,6,201,1,1,521
9e5c1872-3f8e-4ae5-85dc-c67a602d011e,2017,1,6,201,1,1,1172
9e5c1872-3f8e-4ae5-85dc-c67a602d011e,2017,1,6,201,1,1,366
9e5c1872-3f8e-4ae5-85dc-c67a602d011e,2017,1,6,201,1,1,185
9e5c1872-3f8e-4ae5-85dc-c67a602d011e,2017,1,6,201,1,1,5879
9e5c1872-3f8e-4ae5-85dc-c67a602d011e,2017,1,6,201,1,1,1859
9e5c1872-3f8e-4ae5-85dc-c67a602d011e,2017,1,6,201,1,1,742
9e5c1872-3f8e-4ae5-85dc-c67a602d011e,2017,1,6,201,1,1,5831
9e5c1872-3f8e-4ae5-85dc-c67a602d011e,2017,1,6,201,1,1,374
9e5c1872-3f8e-4ae5-85dc-c67a602d011e,2017,1,6,201,1,1,184
9e5c1872-3f8e-4ae5-85dc-c67a602d011e,2017,1,6,201,1,1,5366
9e5c1872-3f8e-4ae5-85dc-c67a602d011e,2017,1,6,201,1,1,2911
9e5c1872-3f8e-4ae5-85dc-c67a602d011e,2017,1,6,201,1,1,2275
9e5c1872-3f8e-4ae5-85dc-c67a602d011e,2017,1,6,201,1,1,2264
9e5c1872-3f8e-4ae5-85dc-c67a602d011e,2017,1,6,201,1,1,369
9e5c1872-3f8e-4ae5-85dc-c67a602d011e,2017,1,6,201,1,1,188
9e5c1872-3f8e-4ae5-85dc-c67a602d011e,2017,1,6,201,1,1,183
9e5c1872-3f8e-4ae5-85dc-c67a602d011e,2017,1,6,201,1,1,5086
9e5c1872-3f8e-4ae5-85dc-c67a602d011e,2017,1,6,201,1,1,508
9e5c1872-3f8e-4ae5-85dc-c67a602d011e,2017,1,6,201,1,1,164
9e5c1872-3f8e-4ae5-85dc-c67a602d011e,2017,1,6,201,1,1,5648
9e5c1872-3f8e-4ae5-85dc-c67a602d011e,2017,1,6,201,1,1,2171
9e5c1872-3f8e-4ae5-85dc-c67a602d011e,2017,1,6,201,8,1,372
9e5c1872-3f8e-4ae5-85dc-c67a602d011e,2017,1,6,201,8,1,4301
9e5c1872-3f8e-4ae5-85dc-c67a602d011e,2017,1,6,201,10,1,0
9e5c1872-3f8e-4ae5-85dc-c67a602d011e,2017,1,6,201,10,1,3968
9e5c1872-3f8e-4ae5-85dc-c67a602d011e,2017,1,6,201,1,1,5822
9e5c1872-3f8e-4ae5-85dc-c67a602d011e,2017,1,6,201,1,1,549
9e5c1872-3f8e-4ae5-85dc-c67a602d011e,2017,1,6,201,1,1,364
9e5c1872-3f8e-4ae5-85dc-c67a602d011e,2017,1,6,201,10,1,137
9e5c1872-3f8e-4ae5-85dc-c67a602d011e,2017,1,6,201,10,1,960
9e5c1872-3f8e-4ae5-85dc-c67a602d011e,2017,1,6,201,10,1,2474
9e5c1872-3f8e-4ae5-85dc-c67a602d011e,2017,1,6,201,4,1,365
9e5c1872-3f8e-4ae5-85dc-c67a602d011e,2017,1,6,201,4,1,2250
9e5c1872-3f8e-4ae5-85dc-c67a602d011e,2017,1,6,201,4,1,1535
9e5c1872-3f8e-4ae5-85dc-c67a602d011e,2017,1,6,201,4,1,135
9e5c1872-3f8e-4ae5-85dc-c67a602d011e,2017,1,6,241,1,1,1542
9e5c1872-3f8e-4ae5-85dc-c67a602d011e,2017,1,6,241,1,1,598
9e5c1872-3f8e-4ae5-85dc-c67a602d011e,2017,1,6,241,1,1,157
9e5c1872-3f8e-4ae5-85dc-c67a602d011e,2017,1,6,241,1,1,759
9e5c1872-3f8e-4ae5-85dc-c67a602d011e,2017,1,6,241,1,1,2319
9e5c1872-3f8e-4ae5-85dc-c67a602d011e,2017,1,6,241,1,1,90
9e5c1872-3f8e-4ae5-85dc-c67a602d011e,2017,1,6,241,1,1,0
9e5c1872-3f8e-4ae5-85dc-c67a602d011e,2017,1,6,241,1,1,1451
9e5c1872-3f8e-4ae5-85dc-c67a602d011e,2017,1,6,241,1,1,859
9e5c1872-3f8e-4ae5-85dc-c67a602d011e,2017,1,6,241,1,1,819
9e5c1872-3f8e-4ae5-85dc-c67a602d011e,2017,1,6,241,1,1,152
9e5c1872-3f8e-4ae5-85dc-c67a602d011e,2017,1,6,241,1,1,766
9e5c1872-3f8e-4ae5-85dc-c67a602d011e,2017,1,6,241,1,1,5392
9e5c1872-3f8e-4ae5-85dc-c67a602d011e,2017,1,6,241,1,1,673
9e5c1872-3f8e-4ae5-85dc-c67a602d011e,2017,1,6,241,9,1,1871
9e5c1872-3f8e-4ae5-85dc-c67a602d011e,2017,1,6,241,9,1,0
9e5c1872-3f8e-4ae5-85dc-c67a602d011e,2017,1,6,241,9,1,1822
9e5c1872-3f8e-4ae5-85dc-c67a602d011e,2017,1,6,241,9,1,3313
9e5c1872-3f8e-4ae5-85dc-c67a602d011e,2017,1,6,241,9,1,1023
9e5c1872-3f8e-4ae5-85dc-c67a602d011e,2017,1,6,241,9,1,1402
9e5c1872-3f8e-4ae5-85dc-c67a602d011e,2017,1,6,241,9,1,1705
9e5c1872-3f8e-4ae5-85dc-c67a602d011e,2017,1,6,241,9,1,3658
9e5c1872-3f8e-4ae5-85dc-c67a602d011e,2017,1,6,241,1,1,182
9e5c1872-3f8e-4ae5-85dc-c67a602d011e,2017,1,6,241,1,1,353
9e5c1872-3f8e-4ae5-85dc-c67a602d011e,2017,1,6,241,1,1,2452
9e5c1872-3f8e-4ae5-85dc-c67a602d011e,2017,1,6,241,1,1,2758
9e5c1872-3f8e-4ae5-85dc-c67a602d011e,2017,1,6,241,1,1,816
9e5c1872-3f8e-4ae5-85dc-c67a602d011e,2017,1,6,241,1,1,3675
9e5c1872-3f8e-4ae5-85dc-c67a602d011e,2017,1,6,241,1,1,86
9e5c1872-3f8e-4ae5-85dc-c67a602d011e,2017,1,6,241,1,1,185
9e5c1872-3f8e-4ae5-85dc-c67a602d011e,2017,1,6,241,1,1,350
9e5c1872-3f8e-4ae5-85dc-c67a602d011e,2017,1,6,241,1,1,166
9e5c1872-3f8e-4ae5-85dc-c67a602d011e,2017,1,6,241,1,1,2595
9e5c1872-3f8e-4ae5-85dc-c67a602d011e,2017,1,6,241,1,1,678
9e5c1872-3f8e-4ae5-85dc-c67a602d011e,2017,1,6,241,1,1,394
9e5c1872-3f8e-4ae5-85dc-c67a602d011e,2017,1,6,241,1,1,655
9e5c1872-3f8e-4ae5-85dc-c67a602d011e,2017,1,6,241,1,1,176
9e5c1872-3f8e-4ae5-85dc-c67a602d011e,2017,1,6,241,1,1,178
9e5c1872-3f8e-4ae5-85dc-c67a602d011e,2017,1,6,241,1,1,2345
9e5c1872-3f8e-4ae5-85dc-c67a602d011e,2017,1,6,241,1,1,341
9e5c1872-3f8e-4ae5-85dc-c67a602d011e,2017,1,6,241,1,1,1431
9e5c1872-3f8e-4ae5-85dc-c67a602d011e,2017,1,6,241,1,1,502
9e5c1872-3f8e-4ae5-85dc-c67a602d011e,2017,1,6,241,10,1,184
9e5c1872-3f8e-4ae5-85dc-c67a602d011e,2017,1,6,241,1,1,711
9e5c1872-3f8e-4ae5-85dc-c67a602d011e,2017,1,6,241,1,1,1460
9e5c1872-3f8e-4ae5-85dc-c67a602d011e,2017,1,6,241,1,1,171
9e5c1872-3f8e-4ae5-85dc-c67a602d011e,2017,1,6,241,1,1,1089
9e5c1872-3f8e-4ae5-85dc-c67a602d011e,2017,1,6,241,10,1,0
9e5c1872-3f8e-4ae5-85dc-c67a602d011e,2017,1,6,241,4,1,146
9e5c1872-3f8e-4ae5-85dc-c67a602d011e,2017,1,6,241,4,1,1749
9e5c1872-3f8e-4ae5-85dc-c67a602d011e,2017,1,6,241,7,1,3983
9e5c1872-3f8e-4ae5-85dc-c67a602d011e,2017,1,6,241,7,1,203
9e5c1872-3f8e-4ae5-85dc-c67a602d011e,2017,1,6,241,9,1,307
9e5c1872-3f8e-4ae5-85dc-c67a602d011e,2017,1,6,211,4,1,1917
9e5c1872-3f8e-4ae5-85dc-c67a602d011e,2017,1,6,211,1,1,0
9e5c1872-3f8e-4ae5-85dc-c67a602d011e,2017,1,6,211,1,1,829
9e5c1872-3f8e-4ae5-85dc-c67a602d011e,2017,1,6,211,1,1,1454
9e5c1872-3f8e-4ae5-85dc-c67a602d011e,2017,1,6,211,1,1,3564
9e5c1872-3f8e-4ae5-85dc-c67a602d011e,2017,1,6,211,1,1,4259
9e5c1872-3f8e-4ae5-85dc-c67a602d011e,2017,1,6,211,1,1,986
9e5c1872-3f8e-4ae5-85dc-c67a602d011e,2017,1,6,211,1,1,4109
9e5c1872-3f8e-4ae5-85dc-c67a602d011e,2017,1,6,211,1,1,1228
9e5c1872-3f8e-4ae5-85dc-c67a602d011e,2017,1,6,211,1,1,876
9e5c1872-3f8e-4ae5-85dc-c67a602d011e,2017,1,6,211,9,1,157
9e5c1872-3f8e-4ae5-85dc-c67a602d011e,2017,1,6,211,9,1,515
9e5c1872-3f8e-4ae5-85dc-c67a602d011e,2017,1,6,211,9,1,952
9e5c1872-3f8e-4ae5-85dc-c67a602d011e,2017,1,6,211,9,1,1457
9e5c1872-3f8e-4ae5-85dc-c67a602d011e,2017,1,6,211,9,1,1026
9e5c1872-3f8e-4ae5-85dc-c67a602d011e,2017,1,6,211,9,1,1170
9e5c1872-3f8e-4ae5-85dc-c67a602d011e,2017,1,6,211,9,1,1623
9e5c1872-3f8e-4ae5-85dc-c67a602d011e,2017,1,6,211,9,1,0
9e5c1872-3f8e-4ae5-85dc-c67a602d011e,2017,1,6,211,9,1,135
9e5c1872-3f8e-4ae5-85dc-c67a602d011e,2017,1,6,211,9,1,1253
9e5c1872-3f8e-4ae5-85dc-c67a602d011e,2017,1,6,211,4,1,1276
9e5c1872-3f8e-4ae5-85dc-c67a602d011e,2017,1,6,211,1,1,592
9e5c1872-3f8e-4ae5-85dc-c67a602d011e,2017,1,6,211,1,1,170
9e5c1872-3f8e-4ae5-85dc-c67a602d011e,2017,1,6,211,1,1,2515
9e5c1872-3f8e-4ae5-85dc-c67a602d011e,2017,1,6,211,1,1,1909
9e5c1872-3f8e-4ae5-85dc-c67a602d011e,2017,1,6,211,1,1,2702
9e5c1872-3f8e-4ae5-85dc-c67a602d011e,2017,1,6,211,1,1,1071
9e5c1872-3f8e-4ae5-85dc-c67a602d011e,2017,1,6,211,8,1,0
9e5c1872-3f8e-4ae5-85dc-c67a602d011e,2017,1,6,211,10,1,202
9e5c1872-3f8e-4ae5-85dc-c67a602d011e,2017,1,6,211,10,1,2497
9e5c1872-3f8e-4ae5-85dc-c67a602d011e,2017,1,6,211,10,1,149
9e5c1872-3f8e-4ae5-85dc-c67a602d011e,2017,1,6,211,4,1,1583
9e5c1872-3f8e-4ae5-85dc-c67a602d011e,2017,1,6,211,4,1,2590
9e5c1872-3f8e-4ae5-85dc-c67a602d011e,2017,1,6,211,2,1,211
9e5c1872-3f8e-4ae5-85dc-c67a602d011e,2017,1,6,211,2,1,0
9e5c1872-3f8e-4ae5-85dc-c67a602d011e,2017,1,6,211,7,1,2191
9e5c1872-3f8e-4ae5-85dc-c67a602d011e,2017,1,6,211,7,1,640
9e5c1872-3f8e-4ae5-85dc-c67a602d011e,2017,1,6,211,7,1,1423
9e5c1872-3f8e-4ae5-85dc-c67a602d011e,2017,1,6,211,7,1,1552
9e5c1872-3f8e-4ae5-85dc-c67a602d011e,2017,1,6,211,7,1,0
9e5c1872-3f8e-4ae5-85dc-c67a602d011e,2017,1,6,211,7,1,365
9e5c1872-3f8e-4ae5-85dc-c67a602d011e,2017,1,6,221,3,1,1123
9e5c1872-3f8e-4ae5-85dc-c67a602d011e,2017,1,6,221,1,1,0
9e5c1872-3f8e-4ae5-85dc-c67a602d011e,2017,1,6,221,1,1,453
9e5c1872-3f8e-4ae5-85dc-c67a602d011e,2017,1,6,221,1,1,137
9e5c1872-3f8e-4ae5-85dc-c67a602d011e,2017,1,6,221,9,1,3135
9e5c1872-3f8e-4ae5-85dc-c67a602d011e,2017,1,6,221,9,1,0
9e5c1872-3f8e-4ae5-85dc-c67a602d011e,2017,1,6,221,9,1,1703
9e5c1872-3f8e-4ae5-85dc-c67a602d011e,2017,1,6,221,9,1,184
9e5c1872-3f8e-4ae5-85dc-c67a602d011e,2017,1,6,221,9,1,444
9e5c1872-3f8e-4ae5-85dc-c67a602d011e,2017,1,6,221,9,1,2360
9e5c1872-3f8e-4ae5-85dc-c67a602d011e,2017,1,6,221,9,1,2928
9e5c1872-3f8e-4ae5-85dc-c67a602d011e,2017,1,6,221,9,1,2472
9e5c1872-3f8e-4ae5-85dc-c67a602d011e,2017,1,6,221,9,1,4978
9e5c1872-3f8e-4ae5-85dc-c67a602d011e,2017,1,6,221,9,1,656
9e5c1872-3f8e-4ae5-85dc-c67a602d011e,2017,1,6,221,9,1,1226
9e5c1872-3f8e-4ae5-85dc-c67a602d011e,2017,1,6,221,9,1,880
9e5c1872-3f8e-4ae5-85dc-c67a602d011e,2017,1,6,221,4,1,1900
9e5c1872-3f8e-4ae5-85dc-c67a602d011e,2017,1,6,221,4,1,2415
9e5c1872-3f8e-4ae5-85dc-c67a602d011e,2017,1,6,221,1,1,1706
9e5c1872-3f8e-4ae5-85dc-c67a602d011e,2017,1,6,221,1,1,767
9e5c1872-3f8e-4ae5-85dc-c67a602d011e,2017,1,6,221,10,1,613
9e5c1872-3f8e-4ae5-85dc-c67a602d011e,2017,1,6,221,10,1,235
9e5c1872-3f8e-4ae5-85dc-c67a602d011e,2017,1,6,221,4,1,186
9e5c1872-3f8e-4ae5-85dc-c67a602d011e,2017,1,6,221,4,1,921
9e5c1872-3f8e-4ae5-85dc-c67a602d011e,2017,1,6,221,4,1,1524
9e5c1872-3f8e-4ae5-85dc-c67a602d011e,2017,1,6,221,7,1,592
9e5c1872-3f8e-4ae5-85dc-c67a602d011e,2017,1,6,221,7,1,1892
9e5c1872-3f8e-4ae5-85dc-c67a602d011e,2017,1,6,221,7,1,1479
9e5c1872-3f8e-4ae5-85dc-c67a602d011e,2017,1,6,221,7,1,1777
9e5c1872-3f8e-4ae5-85dc-c67a602d011e,2017,1,6,221,7,1,805
9e5c1872-3f8e-4ae5-85dc-c67a602d011e,2017,1,6,221,7,1,4911
9e5c1872-3f8e-4ae5-85dc-c67a602d011e,2017,1,6,221,7,1,0
9e5c1872-3f8e-4ae5-85dc-c67a602d011e,2017,1,6,221,3,1,3715
9e5c1872-3f8e-4ae5-85dc-c67a602d011e,2017,1,6,221,9,1,2210
9e5c1872-3f8e-4ae5-85dc-c67a602d011e,2017,1,6,221,6,1,4362
9e5c1872-3f8e-4ae5-85dc-c67a602d011e,2017,1,6,231,1,1,643
9e5c1872-3f8e-4ae5-85dc-c67a602d011e,2017,1,6,231,1,1,0
9e5c1872-3f8e-4ae5-85dc-c67a602d011e,2017,1,6,231,1,1,848
9e5c1872-3f8e-4ae5-85dc-c67a602d011e,2017,1,6,231,1,1,4092
9e5c1872-3f8e-4ae5-85dc-c67a602d011e,2017,1,6,231,1,1,4100
9e5c1872-3f8e-4ae5-85dc-c67a602d011e,2017,1,6,231,1,1,74
9e5c1872-3f8e-4ae5-85dc-c67a602d011e,2017,1,6,231,1,1,60
9e5c1872-3f8e-4ae5-85dc-c67a602d011e,2017,1,6,231,1,1,296
9e5c1872-3f8e-4ae5-85dc-c67a602d011e,2017,2,6,241,9,1,0
9e5c1872-3f8e-4ae5-85dc-c67a602d011e,2017,2,6,241,9,1,1650
9e5c1872-3f8e-4ae5-85dc-c67a602d011e,2017,2,6,241,9,1,55
9e5c1872-3f8e-4ae5-85dc-c67a602d011e,2017,2,6,241,9,1,1118
9e5c1872-3f8e-4ae5-85dc-c67a602d011e,2017,2,6,241,9,1,424
9e5c1872-3f8e-4ae5-85dc-c67a602d011e,2017,2,6,241,9,1,1378
9e5c1872-3f8e-4ae5-85dc-c67a602d011e,2017,2,6,241,9,1,3705
9e5c1872-3f8e-4ae5-85dc-c67a602d011e,2017,2,6,241,9,1,289
9e5c1872-3f8e-4ae5-85dc-c67a602d011e,2017,2,6,241,9,1,463
9e5c1872-3f8e-4ae5-85dc-c67a602d011e,2017,2,6,241,1,1,722
9e5c1872-3f8e-4ae5-85dc-c67a602d011e,2017,2,6,241,1,1,0
9e5c1872-3f8e-4ae5-85dc-c67a602d011e,2017,2,6,241,1,1,2072
9e5c1872-3f8e-4ae5-85dc-c67a602d011e,2017,2,6,241,1,1,2635
9e5c1872-3f8e-4ae5-85dc-c67a602d011e,2017,2,6,241,1,1,1017
9e5c1872-3f8e-4ae5-85dc-c67a602d011e,2017,2,6,241,1,1,999
9e5c1872-3f8e-4ae5-85dc-c67a602d011e,2017,2,6,241,1,1,4655
9e5c1872-3f8e-4ae5-85dc-c67a602d011e,2017,2,6,241,1,1,156
9e5c1872-3f8e-4ae5-85dc-c67a602d011e,2017,2,6,241,1,1,151
9e5c1872-3f8e-4ae5-85dc-c67a602d011e,2017,2,6,241,1,1,2250
9e5c1872-3f8e-4ae5-85dc-c67a602d011e,2017,2,6,241,1,1,318
9e5c1872-3f8e-4ae5-85dc-c67a602d011e,2017,2,6,241,1,1,173
9e5c1872-3f8e-4ae5-85dc-c67a602d011e,2017,2,6,241,1,1,162
9e5c1872-3f8e-4ae5-85dc-c67a602d011e,2017,2,6,241,1,1,166
9e5c1872-3f8e-4ae5-85dc-c67a602d011e,2017,2,6,241,1,1,2388
9e5c1872-3f8e-4ae5-85dc-c67a602d011e,2017,2,6,241,1,1,923
9e5c1872-3f8e-4ae5-85dc-c67a602d011e,2017,2,6,241,1,1,1342
9e5c1872-3f8e-4ae5-85dc-c67a602d011e,2017,2,6,241,1,1,1215
9e5c1872-3f8e-4ae5-85dc-c67a602d011e,2017,2,6,241,1,1,723
9e5c1872-3f8e-4ae5-85dc-c67a602d011e,2017,2,6,241,10,1,133
9e5c1872-3f8e-4ae5-85dc-c67a602d011e,2017,2,6,241,10,1,0
9e5c1872-3f8e-4ae5-85dc-c67a602d011e,2017,2,6,241,4,1,123
9e5c1872-3f8e-4ae5-85dc-c67a602d011e,2017,2,6,241,4,1,1381
9e5c1872-3f8e-4ae5-85dc-c67a602d011e,2017,2,6,241,7,1,3928
9e5c1872-3f8e-4ae5-85dc-c67a602d011e,2017,2,6,241,7,1,194
9e5c1872-3f8e-4ae5-85dc-c67a602d011e,2017,2,6,241,9,1,355
9e5c1872-3f8e-4ae5-85dc-c67a602d011e,2017,2,6,211,4,1,237
9e5c1872-3f8e-4ae5-85dc-c67a602d011e,2017,2,6,211,1,1,460
9e5c1872-3f8e-4ae5-85dc-c67a602d011e,2017,2,6,211,1,1,810
9e5c1872-3f8e-4ae5-85dc-c67a602d011e,2017,2,6,211,1,1,0
9e5c1872-3f8e-4ae5-85dc-c67a602d011e,2017,2,6,211,1,1,95
9e5c1872-3f8e-4ae5-85dc-c67a602d011e,2017,2,6,211,1,1,1805
9e5c1872-3f8e-4ae5-85dc-c67a602d011e,2017,2,6,211,1,1,2775
9e5c1872-3f8e-4ae5-85dc-c67a602d011e,2017,2,6,211,1,1,3971
9e5c1872-3f8e-4ae5-85dc-c67a602d011e,2017,2,6,211,1,1,156
9e5c1872-3f8e-4ae5-85dc-c67a602d011e,2017,2,6,211,1,1,678
9e5c1872-3f8e-4ae5-85dc-c67a602d011e,2017,2,6,211,1,1,4584
9e5c1872-3f8e-4ae5-85dc-c67a602d011e,2017,2,6,211,1,1,1574
9e5c1872-3f8e-4ae5-85dc-c67a602d011e,2017,2,6,211,1,1,410
9e5c1872-3f8e-4ae5-85dc-c67a602d011e,2017,2,6,211,1,1,704
9e5c1872-3f8e-4ae5-85dc-c67a602d011e,2017,2,6,211,9,1,426
9e5c1872-3f8e-4ae5-85dc-c67a602d011e,2017,2,6,211,9,1,140
9e5c1872-3f8e-4ae5-85dc-c67a602d011e,2017,2,6,211,9,1,750
9e5c1872-3f8e-4ae5-85dc-c67a602d011e,2017,2,6,211,9,1,640
9e5c1872-3f8e-4ae5-85dc-c67a602d011e,2017,2,6,211,9,1,0
9e5c1872-3f8e-4ae5-85dc-c67a602d011e,2017,2,6,211,9,1,1339
9e5c1872-3f8e-4ae5-85dc-c67a602d011e,2017,2,6,211,9,1,815
9e5c1872-3f8e-4ae5-85dc-c67a602d011e,2017,2,6,211,9,1,1067
9e5c1872-3f8e-4ae5-85dc-c67a602d011e,2017,2,6,211,9,1,2073
9e5c1872-3f8e-4ae5-85dc-c67a602d011e,2017,2,6,211,9,1,132
9e5c1872-3f8e-4ae5-85dc-c67a602d011e,2017,2,6,211,9,1,1205
9e5c1872-3f8e-4ae5-85dc-c67a602d011e,2017,2,6,211,4,1,1274
9e5c1872-3f8e-4ae5-85dc-c67a602d011e,2017,2,6,211,1,1,596
9e5c1872-3f8e-4ae5-85dc-c67a602d011e,2017,2,6,211,1,1,2712
9e5c1872-3f8e-4ae5-85dc-c67a602d011e,2017,2,6,211,1,1,1636
9e5c1872-3f8e-4ae5-85dc-c67a602d011e,2017,2,6,211,1,1,331
9e5c1872-3f8e-4ae5-85dc-c67a602d011e,2017,2,6,211,1,1,2479
9e5c1872-3f8e-4ae5-85dc-c67a602d011e,2017,2,6,211,1,1,1665
9e5c1872-3f8e-4ae5-85dc-c67a602d011e,2017,2,6,211,8,1,0
9e5c1872-3f8e-4ae5-85dc-c67a602d011e,2017,2,6,211,10,1,446
9e5c1872-3f8e-4ae5-85dc-c67a602d011e,2017,2,6,211,10,1,2942
9e5c1872-3f8e-4ae5-85dc-c67a602d011e,2017,2,6,211,10,1,617
9e5c1872-3f8e-4ae5-85dc-c67a602d011e,2017,2,6,211,4,1,1671
9e5c1872-3f8e-4ae5-85dc-c67a602d011e,2017,2,6,211,4,1,3339
9e5c1872-3f8e-4ae5-85dc-c67a602d011e,2017,2,6,211,2,1,0
9e5c1872-3f8e-4ae5-85dc-c67a602d011e,2017,2,6,211,7,1,1894
9e5c1872-3f8e-4ae5-85dc-c67a602d011e,2017,2,6,211,7,1,939
9e5c1872-3f8e-4ae5-85dc-c67a602d011e,2017,2,6,211,7,1,1200
9e5c1872-3f8e-4ae5-85dc-c67a602d011e,2017,2,6,211,7,1,0
9e5c1872-3f8e-4ae5-85dc-c67a602d011e,2017,2,6,211,7,1,1028
9e5c1872-3f8e-4ae5-85dc-c67a602d011e,2017,2,6,221,3,1,328
9e5c1872-3f8e-4ae5-85dc-c67a602d011e,2017,2,6,221,1,1,0
9e5c1872-3f8e-4ae5-85dc-c67a602d011e,2017,2,6,221,1,1,212
9e5c1872-3f8e-4ae5-85dc-c67a602d011e,2017,2,6,221,9,1,3411
9e5c1872-3f8e-4ae5-85dc-c67a602d011e,2017,2,6,221,9,1,0
9e5c1872-3f8e-4ae5-85dc-c67a602d011e,2017,2,6,221,9,1,1301
9e5c1872-3f8e-4ae5-85dc-c67a602d011e,2017,2,6,221,9,1,1409
9e5c1872-3f8e-4ae5-85dc-c67a602d011e,2017,2,6,221,9,1,831
9e5c1872-3f8e-4ae5-85dc-c67a602d011e,2017,2,6,221,9,1,2109
9e5c1872-3f8e-4ae5-85dc-c67a602d011e,2017,2,6,221,9,1,2340
9e5c1872-3f8e-4ae5-85dc-c67a602d011e,2017,2,6,221,9,1,2281
9e5c1872-3f8e-4ae5-85dc-c67a602d011e,2017,2,6,221,9,1,5595
9e5c1872-3f8e-4ae5-85dc-c67a602d011e,2017,2,6,221,9,1,673
9e5c1872-3f8e-4ae5-85dc-c67a602d011e,2017,2,6,221,9,1,1067
9e5c1872-3f8e-4ae5-85dc-c67a602d011e,2017,2,6,221,9,1,972
9e5c1872-3f8e-4ae5-85dc-c67a602d011e,2017,2,6,221,4,1,1608
9e5c1872-3f8e-4ae5-85dc-c67a602d011e,2017,2,6,221,4,1,2434
9e5c1872-3f8e-4ae5-85dc-c67a602d011e,2017,2,6,221,1,1,1398
9e5c1872-3f8e-4ae5-85dc-c67a602d011e,2017,2,6,221,1,1,747
9e5c1872-3f8e-4ae5-85dc-c67a602d011e,2017,2,6,221,10,1,664
9e5c1872-3f8e-4ae5-85dc-c67a602d011e,2017,2,6,221,10,1,0
9e5c1872-3f8e-4ae5-85dc-c67a602d011e,2017,2,6,221,4,1,185
9e5c1872-3f8e-4ae5-85dc-c67a602d011e,2017,2,6,221,4,1,730
9e5c1872-3f8e-4ae5-85dc-c67a602d011e,2017,2,6,221,4,1,1440
9e5c1872-3f8e-4ae5-85dc-c67a602d011e,2017,2,6,221,7,1,299
9e5c1872-3f8e-4ae5-85dc-c67a602d011e,2017,2,6,221,7,1,881
9e5c1872-3f8e-4ae5-85dc-c67a602d011e,2017,2,6,221,7,1,1443
9e5c1872-3f8e-4ae5-85dc-c67a602d011e,2017,2,6,221,7,1,1179
9e5c1872-3f8e-4ae5-85dc-c67a602d011e,2017,2,6,221,7,1,2054
9e5c1872-3f8e-4ae5-85dc-c67a602d011e,2017,2,6,221,7,1,991
9e5c1872-3f8e-4ae5-85dc-c67a602d011e,2017,2,6,221,7,1,179
9e5c1872-3f8e-4ae5-85dc-c67a602d011e,2017,2,6,221,7,1,4133
9e5c1872-3f8e-4ae5-85dc-c67a602d011e,2017,2,6,221,7,1,0
9e5c1872-3f8e-4ae5-85dc-c67a602d011e,2017,2,6,221,3,1,2893
9e5c1872-3f8e-4ae5-85dc-c67a602d011e,2017,2,6,221,9,1,2134
9e5c1872-3f8e-4ae5-85dc-c67a602d011e,2017,2,6,221,6,1,2256
9e5c1872-3f8e-4ae5-85dc-c67a602d011e,2017,2,6,231,1,1,702
9e5c1872-3f8e-4ae5-85dc-c67a602d011e,2017,2,6,231,1,1,0
9e5c1872-3f8e-4ae5-85dc-c67a602d011e,2017,2,6,231,1,1,77
9e5c1872-3f8e-4ae5-85dc-c67a602d011e,2017,2,6,231,1,1,282
9e5c1872-3f8e-4ae5-85dc-c67a602d011e,2017,2,6,231,1,1,3977
9e5c1872-3f8e-4ae5-85dc-c67a602d011e,2017,2,6,231,1,1,3665
9e5c1872-3f8e-4ae5-85dc-c67a602d011e,2017,2,6,231,1,1,43
9e5c1872-3f8e-4ae5-85dc-c67a602d011e,2017,2,6,231,1,1,129
9e5c1872-3f8e-4ae5-85dc-c67a602d011e,2017,2,6,231,1,1,649
9e5c1872-3f8e-4ae5-85dc-c67a602d011e,2017,2,6,231,1,1,1103
9e5c1872-3f8e-4ae5-85dc-c67a602d011e,2017,2,6,231,9,1,4019
9e5c1872-3f8e-4ae5-85dc-c67a602d011e,2017,2,6,231,9,1,650
9e5c1872-3f8e-4ae5-85dc-c67a602d011e,2017,2,6,231,9,1,1187
9e5c1872-3f8e-4ae5-85dc-c67a602d011e,2017,2,6,231,9,1,2642
9e5c1872-3f8e-4ae5-85dc-c67a602d011e,2017,2,6,231,9,1,714
9e5c1872-3f8e-4ae5-85dc-c67a602d011e,2017,2,6,231,9,1,1374
9e5c1872-3f8e-4ae5-85dc-c67a602d011e,2017,2,6,231,9,1,0
9e5c1872-3f8e-4ae5-85dc-c67a602d011e,2017,2,6,231,9,1,4772
9e5c1872-3f8e-4ae5-85dc-c67a602d011e,2017,2,6,231,1,1,1450
9e5c1872-3f8e-4ae5-85dc-c67a602d011e,2017,2,6,231,1,1,1003
9e5c1872-3f8e-4ae5-85dc-c67a602d011e,2017,2,6,231,1,1,178
9e5c1872-3f8e-4ae5-85dc-c67a602d011e,2017,2,6,231,1,1,660
9e5c1872-3f8e-4ae5-85dc-c67a602d011e,2017,2,6,231,1,1,692
9e5c1872-3f8e-4ae5-85dc-c67a602d011e,2017,2,6,231,1,1,712
9e5c1872-3f8e-4ae5-85dc-c67a602d011e,2017,3,6,121,4,1,168
9e5c1872-3f8e-4ae5-85dc-c67a602d011e,2017,3,6,121,3,1,0
9e5c1872-3f8e-4ae5-85dc-c67a602d011e,2017,3,6,121,3,1,1991
9e5c1872-3f8e-4ae5-85dc-c67a602d011e,2017,3,6,121,1,1,0
9e5c1872-3f8e-4ae5-85dc-c67a602d011e,2017,3,6,121,1,1,1909
9e5c1872-3f8e-4ae5-85dc-c67a602d011e,2017,3,6,121,1,1,1144
9e5c1872-3f8e-4ae5-85dc-c67a602d011e,2017,3,6,121,1,1,522
9e5c1872-3f8e-4ae5-85dc-c67a602d011e,2017,3,6,121,1,1,317
9e5c1872-3f8e-4ae5-85dc-c67a602d011e,2017,3,6,121,1,1,247
9e5c1872-3f8e-4ae5-85dc-c67a602d011e,2017,3,6,121,9,1,3466
9e5c1872-3f8e-4ae5-85dc-c67a602d011e,2017,3,6,121,1,1,723
9e5c1872-3f8e-4ae5-85dc-c67a602d011e,2017,3,6,121,1,1,629
9e5c1872-3f8e-4ae5-85dc-c67a602d011e,2017,3,6,121,1,1,1315
9e5c1872-3f8e-4ae5-85dc-c67a602d011e,2017,3,6,121,10,1,2397
9e5c1872-3f8e-4ae5-85dc-c67a602d011e,2017,3,6,121,4,1,216
9e5c1872-3f8e-4ae5-85dc-c67a602d011e,2017,3,6,121,2,1,735
9e5c1872-3f8e-4ae5-85dc-c67a602d011e,2017,3,6,121,2,1,225
9e5c1872-3f8e-4ae5-85dc-c67a602d011e,2017,3,6,121,2,1,300
9e5c1872-3f8e-4ae5-85dc-c67a602d011e,2017,3,6,131,4,1,390
9e5c1872-3f8e-4ae5-85dc-c67a602d011e,2017,3,6,131,4,1,1224
9e5c1872-3f8e-4ae5-85dc-c67a602d011e,2017,3,6,131,3,1,160
9e5c1872-3f8e-4ae5-85dc-c67a602d011e,2017,3,6,131,4,1,4209
9e5c1872-3f8e-4ae5-85dc-c67a602d011e,2017,3,6,131,4,1,1836
9e5c1872-3f8e-4ae5-85dc-c67a602d011e,2017,3,6,131,4,1,0
9e5c1872-3f8e-4ae5-85dc-c67a602d011e,2017,3,6,131,1,1,110
9e5c1872-3f8e-4ae5-85dc-c67a602d011e,2017,3,6,131,1,1,0
9e5c1872-3f8e-4ae5-85dc-c67a602d011e,2017,3,6,131,1,1,79
9e5c1872-3f8e-4ae5-85dc-c67a602d011e,2017,3,6,131,9,1,433
9e5c1872-3f8e-4ae5-85dc-c67a602d011e,2017,3,6,131,9,1,25
9e5c1872-3f8e-4ae5-85dc-c67a602d011e,2017,3,6,131,9,1,56
9e5c1872-3f8e-4ae5-85dc-c67a602d011e,2017,3,6,131,9,1,692
9e5c1872-3f8e-4ae5-85dc-c67a602d011e,2017,3,6,131,1,1,94
9e5c1872-3f8e-4ae5-85dc-c67a602d011e,2017,3,6,131,2,1,2131
9e5c1872-3f8e-4ae5-85dc-c67a602d011e,2017,3,6,131,2,1,2766
9e5c1872-3f8e-4ae5-85dc-c67a602d011e,2017,3,6,131,2,1,379
9e5c1872-3f8e-4ae5-85dc-c67a602d011e,2017,3,6,131,2,1,185
9e5c1872-3f8e-4ae5-85dc-c67a602d011e,2017,3,6,131,7,1,15
9e5c1872-3f8e-4ae5-85dc-c67a602d011e,2017,3,6,131,3,1,0
9e5c1872-3f8e-4ae5-85dc-c67a602d011e,2017,3,6,131,9,1,60
9e5c1872-3f8e-4ae5-85dc-c67a602d011e,2017,3,6,131,6,1,10951
9e5c1872-3f8e-4ae5-85dc-c67a602d011e,2017,3,6,141,3,1,0
9e5c1872-3f8e-4ae5-85dc-c67a602d011e,2017,3,6,141,3,1,3561
9e5c1872-3f8e-4ae5-85dc-c67a602d011e,2017,3,6,141,1,1,0
9e5c1872-3f8e-4ae5-85dc-c67a602d011e,2017,3,6,141,1,1,124
9e5c1872-3f8e-4ae5-85dc-c67a602d011e,2017,3,6,141,1,1,2810
9e5c1872-3f8e-4ae5-85dc-c67a602d011e,2017,3,6,141,7,1,134
9e5c1872-3f8e-4ae5-85dc-c67a602d011e,2017,3,6,141,7,1,0
9e5c1872-3f8e-4ae5-85dc-c67a602d011e,2017,3,6,141,7,1,755
9e5c1872-3f8e-4ae5-85dc-c67a602d011e,2017,3,6,141,7,1,416
9e5c1872-3f8e-4ae5-85dc-c67a602d011e,2017,3,6,141,3,1,117
9e5c1872-3f8e-4ae5-85dc-c67a602d011e,2017,3,6,141,3,1,240
9e5c1872-3f8e-4ae5-85dc-c67a602d011e,2017,3,6,151,4,1,5415
9e5c1872-3f8e-4ae5-85dc-c67a602d011e,2017,3,6,151,2,1,0
9e5c1872-3f8e-4ae5-85dc-c67a602d011e,2017,3,6,151,3,1,8493
9e5c1872-3f8e-4ae5-85dc-c67a602d011e,2017,3,6,151,3,1,672
9e5c1872-3f8e-4ae5-85dc-c67a602d011e,2017,3,6,151,3,1,3239
9e5c1872-3f8e-4ae5-85dc-c67a602d011e,2017,3,6,151,4,1,3855
9e5c1872-3f8e-4ae5-85dc-c67a602d011e,2017,3,6,151,4,1,0
9e5c1872-3f8e-4ae5-85dc-c67a602d011e,2017,3,6,151,1,1,291
9e5c1872-3f8e-4ae5-85dc-c67a602d011e,2017,3,6,151,1,1,0
9e5c1872-3f8e-4ae5-85dc-c67a602d011e,2017,3,6,151,1,1,76
9e5c1872-3f8e-4ae5-85dc-c67a602d011e,2017,3,6,151,1,1,425
9e5c1872-3f8e-4ae5-85dc-c67a602d011e,2017,3,6,151,1,1,298
9e5c1872-3f8e-4ae5-85dc-c67a602d011e,2017,3,6,151,1,1,1162
9e5c1872-3f8e-4ae5-85dc-c67a602d011e,2017,3,6,151,1,1,1196
9e5c1872-3f8e-4ae5-85dc-c67a602d011e,2017,3,6,151,1,1,1091
9e5c1872-3f8e-4ae5-85dc-c67a602d011e,2017,3,6,151,9,1,1766
9e5c1872-3f8e-4ae5-85dc-c67a602d011e,2017,3,6,151,9,1,53
9e5c1872-3f8e-4ae5-85dc-c67a602d011e,2017,3,6,151,9,1,80
9e5c1872-3f8e-4ae5-85dc-c67a602d011e,2017,3,6,151,1,1,57
9e5c1872-3f8e-4ae5-85dc-c67a602d011e,2017,3,6,151,1,1,187
9e5c1872-3f8e-4ae5-85dc-c67a602d011e,2017,3,6,151,1,1,198
9e5c1872-3f8e-4ae5-85dc-c67a602d011e,2017,3,6,151,1,1,950
9e5c1872-3f8e-4ae5-85dc-c67a602d011e,2017,3,6,151,1,1,1488
9e5c1872-3f8e-4ae5-85dc-c67a602d011e,2017,3,6,151,1,1,256
9e5c1872-3f8e-4ae5-85dc-c67a602d011e,2017,3,6,151,8,1,240
9e5c1872-3f8e-4ae5-85dc-c67a602d011e,2017,3,6,151,10,1,0
9e5c1872-3f8e-4ae5-85dc-c67a602d011e,2017,3,6,151,1,1,11
9e5c1872-3f8e-4ae5-85dc-c67a602d011e,2017,3,6,151,10,1,2717
9e5c1872-3f8e-4ae5-85dc-c67a602d011e,2017,3,6,151,2,1,2734
9e5c1872-3f8e-4ae5-85dc-c67a602d011e,2017,3,6,151,2,1,561
9e5c1872-3f8e-4ae5-85dc-c67a602d011e,2017,3,6,151,2,1,314
9e5c1872-3f8e-4ae5-85dc-c67a602d011e,2017,3,6,151,7,1,834
9e5c1872-3f8e-4ae5-85dc-c67a602d011e,2017,3,6,151,7,1,237
9e5c1872-3f8e-4ae5-85dc-c67a602d011e,2017,3,6,151,7,1,0
9e5c1872-3f8e-4ae5-85dc-c67a602d011e,2017,3,6,151,7,1,2336
9e5c1872-3f8e-4ae5-85dc-c67a602d011e,2017,3,6,151,7,1,439
9e5c1872-3f8e-4ae5-85dc-c67a602d011e,2017,3,6,151,7,1,903
9e5c1872-3f8e-4ae5-85dc-c67a602d011e,2017,3,6,151,7,1,370
9e5c1872-3f8e-4ae5-85dc-c67a602d011e,2017,3,6,151,6,1,14509
9e5c1872-3f8e-4ae5-85dc-c67a602d011e,2017,3,6,191,3,1,0
9e5c1872-3f8e-4ae5-85dc-c67a602d011e,2017,3,6,191,1,1,64
9e5c1872-3f8e-4ae5-85dc-c67a602d011e,2017,3,6,191,1,1,2720
9e5c1872-3f8e-4ae5-85dc-c67a602d011e,2017,3,6,191,1,1,1
9e5c1872-3f8e-4ae5-85dc-c67a602d011e,2017,3,6,191,1,1,166
9e5c1872-3f8e-4ae5-85dc-c67a602d011e,2017,3,6,191,1,1,112
9e5c1872-3f8e-4ae5-85dc-c67a602d011e,2017,3,6,191,1,1,0
9e5c1872-3f8e-4ae5-85dc-c67a602d011e,2017,3,6,191,1,1,322
9e5c1872-3f8e-4ae5-85dc-c67a602d011e,2017,3,6,191,1,1,150
9e5c1872-3f8e-4ae5-85dc-c67a602d011e,2017,3,6,191,1,1,2489
9e5c1872-3f8e-4ae5-85dc-c67a602d011e,2017,3,6,191,1,1,639
9e5c1872-3f8e-4ae5-85dc-c67a602d011e,2017,3,6,191,1,1,1728
9e5c1872-3f8e-4ae5-85dc-c67a602d011e,2017,3,6,191,1,1,936
9e5c1872-3f8e-4ae5-85dc-c67a602d011e,2017,3,6,191,1,1,262
9e5c1872-3f8e-4ae5-85dc-c67a602d011e,2017,3,6,191,1,1,2452
9e5c1872-3f8e-4ae5-85dc-c67a602d011e,2017,3,6,191,1,1,3463
9e5c1872-3f8e-4ae5-85dc-c67a602d011e,2017,3,6,191,1,1,139
9e5c1872-3f8e-4ae5-85dc-c67a602d011e,2017,3,6,191,1,1,3575
9e5c1872-3f8e-4ae5-85dc-c67a602d011e,2017,3,6,191,1,1,137
9e5c1872-3f8e-4ae5-85dc-c67a602d011e,2017,3,6,191,1,1,121
9e5c1872-3f8e-4ae5-85dc-c67a602d011e,2017,3,6,191,1,1,3812
9e5c1872-3f8e-4ae5-85dc-c67a602d011e,2017,3,6,191,9,1,3777
9e5c1872-3f8e-4ae5-85dc-c67a602d011e,2017,3,6,191,9,1,0
9e5c1872-3f8e-4ae5-85dc-c67a602d011e,2017,3,6,191,9,1,4317
9e5c1872-3f8e-4ae5-85dc-c67a602d011e,2017,3,6,191,9,1,146
9e5c1872-3f8e-4ae5-85dc-c67a602d011e,2017,3,6,191,9,1,349
9e5c1872-3f8e-4ae5-85dc-c67a602d011e,2017,3,6,191,9,1,468
9e5c1872-3f8e-4ae5-85dc-c67a602d011e,2017,3,6,191,9,1,2
9e5c1872-3f8e-4ae5-85dc-c67a602d011e,2017,3,6,191,9,1,3532
9e5c1872-3f8e-4ae5-85dc-c67a602d011e,2017,3,6,191,9,1,5426
9e5c1872-3f8e-4ae5-85dc-c67a602d011e,2017,3,6,191,9,1,1
9e5c1872-3f8e-4ae5-85dc-c67a602d011e,2017,3,6,191,9,1,1876
9e5c1872-3f8e-4ae5-85dc-c67a602d011e,2017,3,6,191,9,1,3300
9e5c1872-3f8e-4ae5-85dc-c67a602d011e,2017,3,6,191,9,1,1510
9e5c1872-3f8e-4ae5-85dc-c67a602d011e,2017,3,6,191,9,1,3949
9e5c1872-3f8e-4ae5-85dc-c67a602d011e,2017,3,6,191,9,1,7119
9e5c1872-3f8e-4ae5-85dc-c67a602d011e,2017,3,6,191,9,1,518
9e5c1872-3f8e-4ae5-85dc-c67a602d011e,2017,3,6,191,9,1,4650
9e5c1872-3f8e-4ae5-85dc-c67a602d011e,2017,3,6,191,9,1,539
9e5c1872-3f8e-4ae5-85dc-c67a602d011e,2017,3,6,191,9,1,4836
9e5c1872-3f8e-4ae5-85dc-c67a602d011e,2017,3,6,191,9,1,1845
9e5c1872-3f8e-4ae5-85dc-c67a602d011e,2017,3,6,191,4,1,2707
9e5c1872-3f8e-4ae5-85dc-c67a602d011e,2017,3,6,191,4,1,1514
9e5c1872-3f8e-4ae5-85dc-c67a602d011e,2017,3,6,191,1,1,1780
9e5c1872-3f8e-4ae5-85dc-c67a602d011e,2017,3,6,191,1,1,3502
9e5c1872-3f8e-4ae5-85dc-c67a602d011e,2017,3,6,191,1,1,1936
9e5c1872-3f8e-4ae5-85dc-c67a602d011e,2017,3,6,191,1,1,256
9e5c1872-3f8e-4ae5-85dc-c67a602d011e,2017,3,6,191,1,1,623
9e5c1872-3f8e-4ae5-85dc-c67a602d011e,2017,3,6,191,1,1,4075
9e5c1872-3f8e-4ae5-85dc-c67a602d011e,2017,3,6,191,1,1,1414
9e5c1872-3f8e-4ae5-85dc-c67a602d011e,2017,3,6,191,1,1,599
9e5c1872-3f8e-4ae5-85dc-c67a602d011e,2017,3,6,191,1,1,3993
9e5c1872-3f8e-4ae5-85dc-c67a602d011e,2017,3,6,191,1,1,317
9e5c1872-3f8e-4ae5-85dc-c67a602d011e,2017,3,6,191,1,1,975
9e5c1872-3f8e-4ae5-85dc-c67a602d011e,2017,3,6,191,1,1,2414
9e5c1872-3f8e-4ae5-85dc-c67a602d011e,2017,3,6,191,8,1,3011
9e5c1872-3f8e-4ae5-85dc-c67a602d011e,2017,3,6,191,8,1,23
9e5c1872-3f8e-4ae5-85dc-c67a602d011e,2017,3,6,191,8,1,0
9e5c1872-3f8e-4ae5-85dc-c67a602d011e,2017,3,6,191,8,1,149
9e5c1872-3f8e-4ae5-85dc-c67a602d011e,2017,3,6,191,10,1,61
9e5c1872-3f8e-4ae5-85dc-c67a602d011e,2017,3,6,191,10,1,79
9e5c1872-3f8e-4ae5-85dc-c67a602d011e,2017,3,6,191,10,1,0
9e5c1872-3f8e-4ae5-85dc-c67a602d011e,2017,3,6,191,10,1,4231
9e5c1872-3f8e-4ae5-85dc-c67a602d011e,2017,3,6,191,10,1,1475
9e5c1872-3f8e-4ae5-85dc-c67a602d011e,2017,3,6,191,10,1,1066
9e5c1872-3f8e-4ae5-85dc-c67a602d011e,2017,3,6,191,4,1,6571
9e5c1872-3f8e-4ae5-85dc-c67a602d011e,2017,3,6,191,4,1,678
9e5c1872-3f8e-4ae5-85dc-c67a602d011e,2017,3,6,191,4,1,2352
9e5c1872-3f8e-4ae5-85dc-c67a602d011e,2017,3,6,191,4,1,597
9e5c1872-3f8e-4ae5-85dc-c67a602d011e,2017,3,6,191,2,1,1
9e5c1872-3f8e-4ae5-85dc-c67a602d011e,2017,3,6,191,7,1,149
9e5c1872-3f8e-4ae5-85dc-c67a602d011e,2017,3,6,191,7,1,2680
9e5c1872-3f8e-4ae5-85dc-c67a602d011e,2017,3,6,191,7,1,8436
9e5c1872-3f8e-4ae5-85dc-c67a602d011e,2017,3,6,191,7,1,284
9e5c1872-3f8e-4ae5-85dc-c67a602d011e,2017,3,6,191,7,1,1195
9e5c1872-3f8e-4ae5-85dc-c67a602d011e,2017,3,6,191,7,1,1329
9e5c1872-3f8e-4ae5-85dc-c67a602d011e,2017,3,6,191,7,1,1445
9e5c1872-3f8e-4ae5-85dc-c67a602d011e,2017,3,6,191,7,1,279
9e5c1872-3f8e-4ae5-85dc-c67a602d011e,2017,3,6,191,7,1,0
9e5c1872-3f8e-4ae5-85dc-c67a602d011e,2017,3,6,191,9,1,159
9e5c1872-3f8e-4ae5-85dc-c67a602d011e,2017,3,6,191,7,1,226
9e5c1872-3f8e-4ae5-85dc-c67a602d011e,2017,3,6,181,4,1,4893
9e5c1872-3f8e-4ae5-85dc-c67a602d011e,2017,3,6,181,3,1,73
9e5c1872-3f8e-4ae5-85dc-c67a602d011e,2017,3,6,181,3,1,288
9e5c1872-3f8e-4ae5-85dc-c67a602d011e,2017,3,6,181,3,1,0
9e5c1872-3f8e-4ae5-85dc-c67a602d011e,2017,3,6,181,4,1,3446
9e5c1872-3f8e-4ae5-85dc-c67a602d011e,2017,3,6,181,4,1,1
9e5c1872-3f8e-4ae5-85dc-c67a602d011e,2017,3,6,181,4,1,1881
9e5c1872-3f8e-4ae5-85dc-c67a602d011e,2017,3,6,181,1,1,186
9e5c1872-3f8e-4ae5-85dc-c67a602d011e,2017,3,6,181,1,1,331
9e5c1872-3f8e-4ae5-85dc-c67a602d011e,2017,3,6,181,1,1,237
9e5c1872-3f8e-4ae5-85dc-c67a602d011e,2017,3,6,181,1,1,3
9e5c1872-3f8e-4ae5-85dc-c67a602d011e,2017,3,6,181,1,1,0
9e5c1872-3f8e-4ae5-85dc-c67a602d011e,2017,3,6,181,1,1,437
9e5c1872-3f8e-4ae5-85dc-c67a602d011e,2017,3,6,181,1,1,68
9e5c1872-3f8e-4ae5-85dc-c67a602d011e,2017,3,6,181,1,1,1
9e5c1872-3f8e-4ae5-85dc-c67a602d011e,2017,3,6,181,1,1,937
9e5c1872-3f8e-4ae5-85dc-c67a602d011e,2017,3,6,181,1,1,680
9e5c1872-3f8e-4ae5-85dc-c67a602d011e,2017,3,6,181,1,1,640
9e5c1872-3f8e-4ae5-85dc-c67a602d011e,2017,3,6,181,1,1,52
9e5c1872-3f8e-4ae5-85dc-c67a602d011e,2017,3,6,181,1,1,987
9e5c1872-3f8e-4ae5-85dc-c67a602d011e,2017,3,6,181,1,1,1131
9e5c1872-3f8e-4ae5-85dc-c67a602d011e,2017,3,6,181,1,1,336
9e5c1872-3f8e-4ae5-85dc-c67a602d011e,2017,3,6,181,1,1,2919
9e5c1872-3f8e-4ae5-85dc-c67a602d011e,2017,3,6,181,1,1,103
9e5c1872-3f8e-4ae5-85dc-c67a602d011e,2017,3,6,181,1,1,793
9e5c1872-3f8e-4ae5-85dc-c67a602d011e,2017,3,6,181,9,1,0
9e5c1872-3f8e-4ae5-85dc-c67a602d011e,2017,3,6,181,9,1,102
9e5c1872-3f8e-4ae5-85dc-c67a602d011e,2017,3,6,181,9,1,855
9e5c1872-3f8e-4ae5-85dc-c67a602d011e,2017,3,6,181,9,1,88
9e5c1872-3f8e-4ae5-85dc-c67a602d011e,2017,3,6,181,9,1,2119
9e5c1872-3f8e-4ae5-85dc-c67a602d011e,2017,3,6,181,9,1,1506
9e5c1872-3f8e-4ae5-85dc-c67a602d011e,2017,3,6,181,9,1,3645
9e5c1872-3f8e-4ae5-85dc-c67a602d011e,2017,3,6,181,9,1,25
9e5c1872-3f8e-4ae5-85dc-c67a602d011e,2017,3,6,181,9,1,1354
9e5c1872-3f8e-4ae5-85dc-c67a602d011e,2017,3,6,181,9,1,3768
9e5c1872-3f8e-4ae5-85dc-c67a602d011e,2017,3,6,181,9,1,2890
9e5c1872-3f8e-4ae5-85dc-c67a602d011e,2017,3,6,181,9,1,3055
9e5c1872-3f8e-4ae5-85dc-c67a602d011e,2017,3,6,181,9,1,1361
9e5c1872-3f8e-4ae5-85dc-c67a602d011e,2017,3,6,181,9,1,504
9e5c1872-3f8e-4ae5-85dc-c67a602d011e,2017,3,6,181,9,1,476
9e5c1872-3f8e-4ae5-85dc-c67a602d011e,2017,3,6,181,9,1,1058
9e5c1872-3f8e-4ae5-85dc-c67a602d011e,2017,3,6,181,4,1,205
9e5c1872-3f8e-4ae5-85dc-c67a602d011e,2017,3,6,181,1,1,1326
9e5c1872-3f8e-4ae5-85dc-c67a602d011e,2017,3,6,181,1,1,104
9e5c1872-3f8e-4ae5-85dc-c67a602d011e,2017,3,6,181,1,1,2550
9e5c1872-3f8e-4ae5-85dc-c67a602d011e,2017,3,6,181,1,1,155
9e5c1872-3f8e-4ae5-85dc-c67a602d011e,2017,3,6,181,1,1,87
9e5c1872-3f8e-4ae5-85dc-c67a602d011e,2017,3,6,181,1,1,561
9e5c1872-3f8e-4ae5-85dc-c67a602d011e,2017,3,6,181,1,1,779
9e5c1872-3f8e-4ae5-85dc-c67a602d011e,2017,3,6,181,8,1,0
9e5c1872-3f8e-4ae5-85dc-c67a602d011e,2017,3,6,181,8,1,40
9e5c1872-3f8e-4ae5-85dc-c67a602d011e,2017,3,6,181,10,1,0
9e5c1872-3f8e-4ae5-85dc-c67a602d011e,2017,3,6,181,1,1,758
9e5c1872-3f8e-4ae5-85dc-c67a602d011e,2017,3,6,181,10,1,271
9e5c1872-3f8e-4ae5-85dc-c67a602d011e,2017,3,6,181,10,1,16
9e5c1872-3f8e-4ae5-85dc-c67a602d011e,2017,3,6,181,10,1,148
9e5c1872-3f8e-4ae5-85dc-c67a602d011e,2017,3,6,181,4,1,1477
9e5c1872-3f8e-4ae5-85dc-c67a602d011e,2017,3,6,181,4,1,2058
9e5c1872-3f8e-4ae5-85dc-c67a602d011e,2017,3,6,181,2,1,22
9e5c1872-3f8e-4ae5-85dc-c67a602d011e,2017,3,6,181,2,1,687
9e5c1872-3f8e-4ae5-85dc-c67a602d011e,2017,3,6,181,2,1,2439
9e5c1872-3f8e-4ae5-85dc-c67a602d011e,2017,3,6,181,7,1,7917
9e5c1872-3f8e-4ae5-85dc-c67a602d011e,2017,3,6,181,7,1,599
9e5c1872-3f8e-4ae5-85dc-c67a602d011e,2017,3,6,181,7,1,286
9e5c1872-3f8e-4ae5-85dc-c67a602d011e,2017,3,6,181,7,1,0
9e5c1872-3f8e-4ae5-85dc-c67a602d011e,2017,3,6,181,9,1,527
9e5c1872-3f8e-4ae5-85dc-c67a602d011e,2017,3,6,181,6,1,4036
9e5c1872-3f8e-4ae5-85dc-c67a602d011e,2017,3,6,181,7,1,1731
9e5c1872-3f8e-4ae5-85dc-c67a602d011e,2017,3,6,181,7,1,291
9e5c1872-3f8e-4ae5-85dc-c67a602d011e,2017,3,6,201,1,1,0
9e5c1872-3f8e-4ae5-85dc-c67a602d011e,2017,3,6,201,1,1,615
9e5c1872-3f8e-4ae5-85dc-c67a602d011e,2017,3,6,201,1,1,499
9e5c1872-3f8e-4ae5-85dc-c67a602d011e,2017,3,6,201,1,1,354
9e5c1872-3f8e-4ae5-85dc-c67a602d011e,2017,3,6,201,1,1,2248
9e5c1872-3f8e-4ae5-85dc-c67a602d011e,2017,3,6,201,1,1,2330
9e5c1872-3f8e-4ae5-85dc-c67a602d011e,2017,3,6,201,1,1,3131
9e5c1872-3f8e-4ae5-85dc-c67a602d011e,2017,3,6,201,1,1,2994
9e5c1872-3f8e-4ae5-85dc-c67a602d011e,2017,3,6,201,1,1,65
9e5c1872-3f8e-4ae5-85dc-c67a602d011e,2017,3,6,201,1,1,672
9e5c1872-3f8e-4ae5-85dc-c67a602d011e,2017,3,6,201,1,1,5035
9e5c1872-3f8e-4ae5-85dc-c67a602d011e,2017,3,6,201,1,1,1865
9e5c1872-3f8e-4ae5-85dc-c67a602d011e,2017,3,6,201,1,1,946
